A,B,bar,foo
one,A,-2.1712474505275785,0.5823643771873543
one,B,0.3270960686528598,0.4922020451519405
one,C,-1.705217101321257,0.30359477710066635
three,A,-0.11170020611414407,
three,B,,-0.07708918433223595
three,C,0.6311185137679,
two,A,,1.1992804346908292
two,B,-1.00714824954894,
two,C,,0.2671086781614247
